{
  "test_loss": 0.0912645424930882,
  "metrics": {
    "shot": {
      "roc_auc": 0.8092229142679036,
      "pr_auc": 0.26792545900320386,
      "log_loss": 0.15638420192683306,
      "brier": 0.03971366269298691,
      "pos_rate": 0.047444969579862654
    },
    "goal": {
      "roc_auc": 0.8238402060697785,
      "pr_auc": 0.05130464295103074,
      "log_loss": 0.026144882236405303,
      "brier": 0.004640812739714014,
      "pos_rate": 0.004765386322688461
    }
  },
  "calibration": {
    "shot": {
      "mean_pred": [
        0.0301656601613593,
        0.1348574229543006,
        0.2463430685640599,
        0.3376439656432732,
        0.44634888838562703,
        0.5448321265410323,
        0.6494624155812558,
        0.7264706068568759
      ],
      "frac_pos": [
        0.02541372946479896,
        0.11748554913294798,
        0.2372330547818013,
        0.35069885641677256,
        0.4583333333333333,
        0.5414364640883977,
        0.7522123893805309,
        0.8666666666666667
      ]
    },
    "goal": {
      "mean_pred": [
        0.004998276147234172,
        0.1259559129637883,
        0.21644680202007294
      ],
      "frac_pos": [
        0.004551458951856551,
        0.11278195488721804,
        1.0
      ]
    }
  },
  "config": {
    "K_FUTURE_EVENTS": 10,
    "TRAIN_FRAC": 0.7,
    "VAL_FRAC": 0.15,
    "TEST_FRAC": 0.15,
    "RANDOM_SEED": 42,
    "HIDDEN_DIM": 128,
    "DROPOUT": 0.15,
    "BATCH_SIZE": 4096,
    "LR": 0.001,
    "WEIGHT_DECAY": 0.0001,
    "EPOCHS": 12,
    "EARLY_STOPPING_PATIENCE": 3,
    "PROJECT_ROOT": "/content/drive/MyDrive/pvnet-football",
    "ARTIFACTS_DIR": "/content/drive/MyDrive/pvnet-football/artifacts"
  },
  "feature_cols": [
    "start_x",
    "start_y",
    "end_x",
    "end_y",
    "dist_to_goal",
    "angle_to_goal_center",
    "dx",
    "dy",
    "progress_x",
    "time_seconds",
    "is_pass",
    "is_carry",
    "is_dribble",
    "is_shot",
    "pass_success",
    "dribble_success"
  ]
}